imgos	speaks this many times to	12	um
imgos	speaks this many times to	12	um
imgos	speaks this many times to	12	um
imgos	speaks this many times to	12	um
imgos	speaks this many times to	12	um
imgos	speaks this many times to	12	um
imgos	speaks this many times to	12	um
imgos	speaks this many times to	12	um
imgos	speaks this many times to	12	um
imgos	speaks this many times to	12	um
imgos	speaks this many times to	12	um
imgos	speaks this many times to	12	um
tldi	speaks this many times to	2	imgos
tldi	speaks this many times to	2	imgos
um	speaks this many times to	2	imgos
um	speaks this many times to	2	imgos
um	speaks this many times to	5	um
um	speaks this many times to	5	um
um	speaks this many times to	14	trdlb
um	speaks this many times to	18	ffkn
um	speaks this many times to	19	sim
um	speaks this many times to	14	trdlb
um	speaks this many times to	18	ffkn
um	speaks this many times to	19	sim
um	speaks this many times to	14	trdlb
um	speaks this many times to	18	ffkn
um	speaks this many times to	19	sim
um	speaks this many times to	14	trdlb
um	speaks this many times to	14	trdlb
um	speaks this many times to	19	sim
um	speaks this many times to	19	sim
um	speaks this many times to	19	sim
um	speaks this many times to	14	trdlb
um	speaks this many times to	18	ffkn
um	speaks this many times to	18	ffkn
um	speaks this many times to	17	zver
um	speaks this many times to	17	zver
um	speaks this many times to	17	zver
um	speaks this many times to	17	zver
um	speaks this many times to	17	zver
um	speaks this many times to	17	zver
um	speaks this many times to	17	zver
um	speaks this many times to	19	sim
um	speaks this many times to	18	ffkn
um	speaks this many times to	14	trdlb
um	speaks this many times to	17	zver
um	speaks this many times to	19	sim
um	speaks this many times to	18	ffkn
um	speaks this many times to	14	trdlb
um	speaks this many times to	18	ffkn
um	speaks this many times to	18	ffkn
um	speaks this many times to	18	ffkn
um	speaks this many times to	17	zver
um	speaks this many times to	14	trdlb
um	speaks this many times to	17	zver
um	speaks this many times to	19	sim
um	speaks this many times to	18	ffkn
um	speaks this many times to	14	trdlb
um	speaks this many times to	17	zver
um	speaks this many times to	19	sim
um	speaks this many times to	18	ffkn
um	speaks this many times to	14	trdlb
um	speaks this many times to	17	zver
um	speaks this many times to	19	sim
um	speaks this many times to	18	ffkn
um	speaks this many times to	14	trdlb
um	speaks this many times to	17	zver
um	speaks this many times to	19	sim
um	speaks this many times to	18	ffkn
um	speaks this many times to	14	trdlb
um	speaks this many times to	18	ffkn
um	speaks this many times to	17	zver
um	speaks this many times to	17	zver
um	speaks this many times to	18	ffkn
um	speaks this many times to	18	ffkn
um	speaks this many times to	17	zver
um	speaks this many times to	19	sim
um	speaks this many times to	19	sim
um	speaks this many times to	19	sim
um	speaks this many times to	6	zipvka
um	speaks this many times to	6	zipvka
um	speaks this many times to	6	zipvka
um	speaks this many times to	6	zipvka
um	speaks this many times to	6	zipvka
um	speaks this many times to	6	zipvka
um	speaks this many times to	1	ktoto
um	speaks this many times to	77	ziplza
um	speaks this many times to	77	ziplza
um	speaks this many times to	77	ziplza
um	speaks this many times to	77	ziplza
um	speaks this many times to	77	ziplza
um	speaks this many times to	77	ziplza
um	speaks this many times to	77	ziplza
um	speaks this many times to	77	ziplza
um	speaks this many times to	77	ziplza
um	speaks this many times to	77	ziplza
um	speaks this many times to	77	ziplza
um	speaks this many times to	77	ziplza
um	speaks this many times to	77	ziplza
um	speaks this many times to	77	ziplza
um	speaks this many times to	77	ziplza
um	speaks this many times to	77	ziplza
um	speaks this many times to	77	ziplza
um	speaks this many times to	77	ziplza
um	speaks this many times to	77	ziplza
um	speaks this many times to	77	ziplza
um	speaks this many times to	77	ziplza
um	speaks this many times to	77	ziplza
um	speaks this many times to	77	ziplza
um	speaks this many times to	77	ziplza
um	speaks this many times to	77	ziplza
um	speaks this many times to	77	ziplza
um	speaks this many times to	77	ziplza
um	speaks this many times to	77	ziplza
um	speaks this many times to	77	ziplza
um	speaks this many times to	77	ziplza
um	speaks this many times to	77	ziplza
um	speaks this many times to	77	ziplza
um	speaks this many times to	77	ziplza
um	speaks this many times to	77	ziplza
um	speaks this many times to	77	ziplza
um	speaks this many times to	77	ziplza
um	speaks this many times to	77	ziplza
um	speaks this many times to	77	ziplza
um	speaks this many times to	77	ziplza
um	speaks this many times to	77	ziplza
um	speaks this many times to	77	ziplza
um	speaks this many times to	77	ziplza
um	speaks this many times to	77	ziplza
um	speaks this many times to	77	ziplza
um	speaks this many times to	77	ziplza
um	speaks this many times to	77	ziplza
um	speaks this many times to	77	ziplza
um	speaks this many times to	77	ziplza
um	speaks this many times to	77	ziplza
um	speaks this many times to	77	ziplza
um	speaks this many times to	77	ziplza
um	speaks this many times to	77	ziplza
um	speaks this many times to	77	ziplza
um	speaks this many times to	77	ziplza
um	speaks this many times to	77	ziplza
um	speaks this many times to	77	ziplza
um	speaks this many times to	77	ziplza
um	speaks this many times to	77	ziplza
um	speaks this many times to	77	ziplza
um	speaks this many times to	2	aas
um	speaks this many times to	19	sim
um	speaks this many times to	2	aas
um	speaks this many times to	5	um
um	speaks this many times to	5	um
um	speaks this many times to	20	apol
um	speaks this many times to	20	apol
um	speaks this many times to	20	apol
um	speaks this many times to	20	apol
um	speaks this many times to	20	apol
um	speaks this many times to	20	apol
um	speaks this many times to	20	apol
um	speaks this many times to	20	apol
um	speaks this many times to	20	apol
um	speaks this many times to	20	apol
um	speaks this many times to	20	apol
um	speaks this many times to	20	apol
um	speaks this many times to	20	apol
um	speaks this many times to	5	um
um	speaks this many times to	20	apol
um	speaks this many times to	20	apol
um	speaks this many times to	20	apol
um	speaks this many times to	20	apol
um	speaks this many times to	20	apol
um	speaks this many times to	77	ziplza
um	speaks this many times to	77	ziplza
um	speaks this many times to	77	ziplza
um	speaks this many times to	77	ziplza
um	speaks this many times to	77	ziplza
um	speaks this many times to	77	ziplza
um	speaks this many times to	20	apol
um	speaks this many times to	20	apol
um	speaks this many times to	77	ziplza
um	speaks this many times to	77	ziplza
um	speaks this many times to	77	ziplza
um	speaks this many times to	77	ziplza
um	speaks this many times to	77	ziplza
um	speaks this many times to	77	ziplza
um	speaks this many times to	77	ziplza
um	speaks this many times to	77	ziplza
um	speaks this many times to	77	ziplza
um	speaks this many times to	77	ziplza
um	speaks this many times to	77	ziplza
um	speaks this many times to	77	ziplza
ochds	speaks this many times to	1	imgos
trdlb	speaks this many times to	14	ffkn
trdlb	speaks this many times to	13	sim
trdlb	speaks this many times to	26	
trdlb	speaks this many times to	14	ffkn
trdlb	speaks this many times to	13	sim
trdlb	speaks this many times to	14	ffkn
trdlb	speaks this many times to	13	sim
trdlb	speaks this many times to	16	um
trdlb	speaks this many times to	16	um
trdlb	speaks this many times to	14	ffkn
trdlb	speaks this many times to	13	sim
trdlb	speaks this many times to	14	ffkn
trdlb	speaks this many times to	13	sim
trdlb	speaks this many times to	16	um
trdlb	speaks this many times to	13	sim
trdlb	speaks this many times to	14	ffkn
trdlb	speaks this many times to	16	um
trdlb	speaks this many times to	11	zver
trdlb	speaks this many times to	14	ffkn
trdlb	speaks this many times to	16	um
trdlb	speaks this many times to	11	zver
trdlb	speaks this many times to	16	um
trdlb	speaks this many times to	13	sim
trdlb	speaks this many times to	11	zver
trdlb	speaks this many times to	14	ffkn
trdlb	speaks this many times to	16	um
trdlb	speaks this many times to	16	um
trdlb	speaks this many times to	16	um
trdlb	speaks this many times to	16	um
trdlb	speaks this many times to	13	sim
trdlb	speaks this many times to	11	zver
trdlb	speaks this many times to	14	ffkn
trdlb	speaks this many times to	16	um
trdlb	speaks this many times to	13	sim
trdlb	speaks this many times to	11	zver
trdlb	speaks this many times to	14	ffkn
trdlb	speaks this many times to	16	um
trdlb	speaks this many times to	16	um
trdlb	speaks this many times to	13	sim
trdlb	speaks this many times to	11	zver
trdlb	speaks this many times to	14	ffkn
trdlb	speaks this many times to	16	um
trdlb	speaks this many times to	13	sim
trdlb	speaks this many times to	11	zver
trdlb	speaks this many times to	14	ffkn
trdlb	speaks this many times to	11	zver
trdlb	speaks this many times to	16	um
trdlb	speaks this many times to	13	sim
trdlb	speaks this many times to	11	zver
trdlb	speaks this many times to	14	ffkn
trdlb	speaks this many times to	16	um
trdlb	speaks this many times to	14	ffkn
trdlb	speaks this many times to	13	sim
trdlb	speaks this many times to	11	zver
trdlb	speaks this many times to	11	zver
sim	speaks this many times to	10	trdlb
sim	speaks this many times to	9	ffkn
sim	speaks this many times to	10	trdlb
sim	speaks this many times to	9	ffkn
sim	speaks this many times to	18	um
sim	speaks this many times to	18	um
sim	speaks this many times to	18	um
sim	speaks this many times to	18	um
sim	speaks this many times to	18	um
sim	speaks this many times to	18	um
sim	speaks this many times to	18	um
sim	speaks this many times to	18	um
sim	speaks this many times to	18	um
sim	speaks this many times to	10	trdlb
sim	speaks this many times to	9	zver
sim	speaks this many times to	9	ffkn
sim	speaks this many times to	10	trdlb
sim	speaks this many times to	18	um
sim	speaks this many times to	9	zver
sim	speaks this many times to	9	ffkn
sim	speaks this many times to	10	trdlb
sim	speaks this many times to	18	um
sim	speaks this many times to	9	zver
sim	speaks this many times to	9	ffkn
sim	speaks this many times to	10	trdlb
sim	speaks this many times to	18	um
sim	speaks this many times to	9	zver
sim	speaks this many times to	9	ffkn
sim	speaks this many times to	10	trdlb
sim	speaks this many times to	18	um
sim	speaks this many times to	9	zver
sim	speaks this many times to	9	ffkn
sim	speaks this many times to	10	trdlb
sim	speaks this many times to	18	um
sim	speaks this many times to	9	zver
sim	speaks this many times to	9	ffkn
sim	speaks this many times to	10	trdlb
sim	speaks this many times to	18	um
sim	speaks this many times to	9	zver
sim	speaks this many times to	9	zver
sim	speaks this many times to	9	ffkn
sim	speaks this many times to	10	trdlb
sim	speaks this many times to	9	zver
sim	speaks this many times to	18	um
sim	speaks this many times to	18	um
sim	speaks this many times to	18	um
ffkn	speaks this many times to	9	sim
ffkn	speaks this many times to	10	trdlb
ffkn	speaks this many times to	9	sim
ffkn	speaks this many times to	10	trdlb
ffkn	speaks this many times to	13	um
ffkn	speaks this many times to	9	sim
ffkn	speaks this many times to	9	sim
ffkn	speaks this many times to	10	trdlb
ffkn	speaks this many times to	9	sim
ffkn	speaks this many times to	10	trdlb
ffkn	speaks this many times to	13	um
ffkn	speaks this many times to	8	zver
ffkn	speaks this many times to	10	trdlb
ffkn	speaks this many times to	13	um
ffkn	speaks this many times to	8	zver
ffkn	speaks this many times to	10	trdlb
ffkn	speaks this many times to	10	trdlb
ffkn	speaks this many times to	13	um
ffkn	speaks this many times to	9	sim
ffkn	speaks this many times to	8	zver
ffkn	speaks this many times to	13	um
ffkn	speaks this many times to	13	um
ffkn	speaks this many times to	13	um
ffkn	speaks this many times to	13	um
ffkn	speaks this many times to	10	trdlb
ffkn	speaks this many times to	13	um
ffkn	speaks this many times to	9	sim
ffkn	speaks this many times to	8	zver
ffkn	speaks this many times to	10	trdlb
ffkn	speaks this many times to	13	um
ffkn	speaks this many times to	9	sim
ffkn	speaks this many times to	8	zver
ffkn	speaks this many times to	10	trdlb
ffkn	speaks this many times to	13	um
ffkn	speaks this many times to	9	sim
ffkn	speaks this many times to	8	zver
ffkn	speaks this many times to	13	um
ffkn	speaks this many times to	8	zver
ffkn	speaks this many times to	13	um
ffkn	speaks this many times to	8	zver
zver	speaks this many times to	19	um
zver	speaks this many times to	19	um
zver	speaks this many times to	19	um
zver	speaks this many times to	19	um
zver	speaks this many times to	19	um
zver	speaks this many times to	19	um
zver	speaks this many times to	19	um
zver	speaks this many times to	19	um
zver	speaks this many times to	19	um
zver	speaks this many times to	8	ffkn
zver	speaks this many times to	8	trdlb
zver	speaks this many times to	19	um
zver	speaks this many times to	7	sim
zver	speaks this many times to	19	um
zver	speaks this many times to	8	ffkn
zver	speaks this many times to	19	um
zver	speaks this many times to	8	trdlb
zver	speaks this many times to	19	um
zver	speaks this many times to	8	ffkn
zver	speaks this many times to	8	trdlb
zver	speaks this many times to	19	um
zver	speaks this many times to	7	sim
zver	speaks this many times to	19	um
zver	speaks this many times to	8	ffkn
zver	speaks this many times to	8	trdlb
zver	speaks this many times to	19	um
zver	speaks this many times to	7	sim
zver	speaks this many times to	8	ffkn
zver	speaks this many times to	8	trdlb
zver	speaks this many times to	19	um
zver	speaks this many times to	7	sim
zver	speaks this many times to	8	trdlb
zver	speaks this many times to	8	ffkn
zver	speaks this many times to	7	sim
zver	speaks this many times to	8	trdlb
zver	speaks this many times to	8	ffkn
zver	speaks this many times to	7	sim
zver	speaks this many times to	19	um
zver	speaks this many times to	19	um
zver	speaks this many times to	8	trdlb
zver	speaks this many times to	8	ffkn
zver	speaks this many times to	7	sim
zipvka	speaks this many times to	2	um
zipvka	speaks this many times to	2	um
ziplza	speaks this many times to	54	um
ziplza	speaks this many times to	54	um
ziplza	speaks this many times to	54	um
ziplza	speaks this many times to	54	um
ziplza	speaks this many times to	54	um
ziplza	speaks this many times to	54	um
ziplza	speaks this many times to	54	um
ziplza	speaks this many times to	54	um
ziplza	speaks this many times to	54	um
ziplza	speaks this many times to	54	um
ziplza	speaks this many times to	54	um
ziplza	speaks this many times to	54	um
ziplza	speaks this many times to	54	um
ziplza	speaks this many times to	54	um
ziplza	speaks this many times to	54	um
ziplza	speaks this many times to	54	um
ziplza	speaks this many times to	54	um
ziplza	speaks this many times to	54	um
ziplza	speaks this many times to	54	um
ziplza	speaks this many times to	54	um
ziplza	speaks this many times to	54	um
ziplza	speaks this many times to	54	um
ziplza	speaks this many times to	54	um
ziplza	speaks this many times to	54	um
ziplza	speaks this many times to	54	um
ziplza	speaks this many times to	54	um
ziplza	speaks this many times to	54	um
ziplza	speaks this many times to	54	um
ziplza	speaks this many times to	54	um
ziplza	speaks this many times to	54	um
ziplza	speaks this many times to	54	um
ziplza	speaks this many times to	54	um
ziplza	speaks this many times to	54	um
ziplza	speaks this many times to	54	um
ziplza	speaks this many times to	54	um
ziplza	speaks this many times to	54	um
ziplza	speaks this many times to	54	um
ziplza	speaks this many times to	54	um
ziplza	speaks this many times to	54	um
ziplza	speaks this many times to	54	um
ziplza	speaks this many times to	54	um
ziplza	speaks this many times to	54	um
ziplza	speaks this many times to	54	um
ziplza	speaks this many times to	54	um
ziplza	speaks this many times to	54	um
ziplza	speaks this many times to	54	um
ziplza	speaks this many times to	54	um
ziplza	speaks this many times to	54	um
ziplza	speaks this many times to	54	um
ziplza	speaks this many times to	54	um
ziplza	speaks this many times to	54	um
ziplza	speaks this many times to	54	um
ziplza	speaks this many times to	54	um
apol	speaks this many times to	8	um
apol	speaks this many times to	8	um
apol	speaks this many times to	8	um
apol	speaks this many times to	8	um
apol	speaks this many times to	8	um
apol	speaks this many times to	8	um
apol	speaks this many times to	8	um
apol	speaks this many times to	8	um
